<?xml version="1.0" encoding="UTF-8"?>
<beans
	xmlns="http://www.springframework.org/schema/beans"
	xmlns:xsi="http://www.w3.org/2001/XMLSchema-instance"
	xmlns:p="http://www.springframework.org/schema/p"
	xsi:schemaLocation="http://www.springframework.org/schema/beans 
	http://www.springframework.org/schema/beans/spring-beans-3.0.xsd">
	
	<!-- Target bean configuration. -->
	<bean id="t" class="mypack.Target"/>
	
	<!-- Advice beans configuration -->
	<bean id="a1" class="mypack.PreProcessing" />
	<bean id="a2" class="mypack.PostProcessing" />
	<bean id="a3" class="mypack.AroundProcessing" />
	<bean id="a4" class="mypack.ErrorHandler" />
		
	<!-- Advisor to associate around advice to b() method. -->
	<bean id="ad1" class="org.springframework.aop.support.NameMatchMethodPointcutAdvisor">
	<property name="mappedName" value="b"/>
	<property name="advice" ref="a3" />
	</bean>
	<!-- Advisor to associate before advice to a() & c() methods. -->
	<bean id="ad2" class="org.springframework.aop.support.NameMatchMethodPointcutAdvisor">
	<property name="mappedNames">
	<list>
	<value>a</value>
	<value>c</value>
	</list>
	</property>
	<property name="advice" ref="a1" />
	</bean>
	
	<!-- ProxyFactoryBean configuration -->
	<bean id="proxy" class="org.springframework.aop.framework.ProxyFactoryBean">
	<property name="target" ref="t"/>
	<property name="interceptorNames">
	<list>
	<value>ad1</value>
	<value>ad2</value>
	</list>
	</property>
	</bean>
	
	
	
	
</beans>