<?xml version="1.0" encoding="UTF-8"?>
<beans
	xmlns="http://www.springframework.org/schema/beans"
	xmlns:xsi="http://www.w3.org/2001/XMLSchema-instance"
	xmlns:context="http://www.springframework.org/schema/context"
	xmlns:mvc="http://www.springframework.org/schema/mvc"
	xsi:schemaLocation="http://www.springframework.org/schema/beans 
	http://www.springframework.org/schema/beans/spring-beans-3.0.xsd
	http://www.springframework.org/schema/context 
	http://www.springframework.org/schema/context/spring-context-3.0.xsd
	http://www.springframework.org/schema/mvc 
	http://www.springframework.org/schema/mvc/spring-mvc-3.0.xsd">
	
	<!-- configuration to enable annotation based validation.-->
	<mvc:annotation-driven />
	
	<!-- configuration of the controller package-->
	<context:component-scan base-package="controller"/>
	
	<!-- <bean id="viewResolver" class="org.springframework.web.servlet.view.InternalResourceViewResolver">
	<property name="prefix" value="/"/>
	<property name="suffix" value=".jsp"/>
	</bean> -->
	<!-- configuration of the viewResolver bean-->
	<bean id="viewResolver"
		class="org.springframework.web.servlet.view.UrlBasedViewResolver">
		<property name="viewClass">
			<value>
			org.springframework.web.servlet.view.tiles2.TilesView
			</value>
		</property>
	</bean>
	<!-- configuration of the TilesConfigurer bean-->
	<bean id="tilesConfigurer"
		class="org.springframework.web.servlet.view.tiles2.TilesConfigurer">
		<property name="definitions">
			<list>
		<value>/WEB-INF/tiles.xml</value>
			</list>
		</property>
	</bean>
</beans>