<!DOCTYPE tiles-definitions PUBLIC 
"-//Apache Software Foundation//DTD Tiles Configuration 2.1//EN" 
"http://tiles.apache.org/dtds/tiles-config_2_1.dtd">

<tiles-definitions>
<definition name="base" template="/simpleLayout.jsp">
<put-attribute name="title" value="MVC App"/>
<put-attribute name="header" value="/header.jsp"/>
<put-attribute name="footer" value="/footer.jsp"/>
</definition>
<definition name="userBase" template="/simpleLayout.jsp">
<put-attribute name="title" value="MVC App"/>
<put-attribute name="header" value="/userHeader.jsp"/>
<put-attribute name="footer" value="/footer.jsp"/>
</definition>
<definition name="regForm" extends="base">
<put-attribute name="contents" value="/regForm.jsp"/>
</definition>
<definition name="registered" extends="base">
<put-attribute name="contents" value="/registered.jsp"/>
</definition>
<definition name="relogin" extends="base">
<put-attribute name="contents" value="/relogin.jsp"/>
</definition>
<definition name="loggedOut" extends="base">
<put-attribute name="contents" value="/loggedOut.jsp"/>
</definition>
<definition name="home" extends="userBase">
<put-attribute name="contents" value="/home.jsp"/>
</definition>
<definition name="sum" extends="userBase">
<put-attribute name="contents" value="/sum.jsp"/>
</definition>
</tiles-definitions>