<beans xmlns="http://www.springframework.org/schema/beans"
	xmlns:xsi="http://www.w3.org/2001/XMLSchema-instance"
	xsi:schemaLocation="http://www.springframework.org/schema/beans 
	http://www.springframework.org/schema/beans/spring-beans-3.0.xsd">

<!-- configuration of the factory beans -->
 <bean id="cf" class="mypack.NumberFactory" >
 <constructor-arg value="Complex" />
 </bean>
 <bean id="rf" class="mypack.NumberFactory" >
 <constructor-arg value="Rational" />
 </bean>
 <!-- configuration of the number beans -->
 <bean id="c" factory-bean="cf" factory-method="getNumber"
 scope="prototype" />
 <bean id="r" factory-bean="rf" factory-method="getNumber"
 scope="prototype" />
 
</beans>