<beans xmlns="http://www.springframework.org/schema/beans"
	xmlns:xsi="http://www.w3.org/2001/XMLSchema-instance"
	xsi:schemaLocation="http://www.springframework.org/schema/beans 
	http://www.springframework.org/schema/beans/spring-beans-3.0.xsd">

<!-- configuration of the target bean -->
 <bean id="t" class="mypack.Target"/>
 <!-- configuration of advice beans -->
 <bean id="a1" class="mypack.PreProcessing"/>
 <bean id="a2" class="mypack.PostProcessing"/>
 <bean id="a3" class="mypack.AroundProcessing"/>
 <bean id="a4" class="mypack.ErrorProcessing"/>
 <!-- configuration of ProxyFactoryBean. The
 ProxyFactoryBean will be used by the container
 for creating dynamic proxies of the target bean.
  -->
  <bean id="proxy" class="org.springframework.aop.framework.ProxyFactoryBean">
  <property name="target" ref="t"/>
  <property name="interceptorNames">
  <list>
<!--   <value>a1</value> -->
<!--   <value>a2</value> -->
<value>a3</value>
  <value>a4</value>
  </list>
  </property>
  </bean>
</beans>