<?xml version="1.0" encoding="UTF-8"?>
<beans
	xmlns="http://www.springframework.org/schema/beans"
	xmlns:xsi="http://www.w3.org/2001/XMLSchema-instance"
	xmlns:tx="http://www.springframework.org/schema/tx"
	xsi:schemaLocation="http://www.springframework.org/schema/beans 
	http://www.springframework.org/schema/beans/spring-beans-3.0.xsd
	http://www.springframework.org/schema/tx 
	http://www.springframework.org/schema/tx/spring-tx-3.0.xsd">
	
	<!-- configuration to enable annotation based transaction management-->
	<tx:annotation-driven transaction-manager="tm"/>
	<!-- configuration of the transactionManager bean-->
	<bean id="tm" class="org.springframework.jdbc.datasource.DataSourceTransactionManager">
	<property name="dataSource" ref="dataSource"/>
	</bean>
	<!-- configuration of the data source bean-->
	<bean id="dataSource" class="org.springframework.jdbc.datasource.DriverManagerDataSource">
	<property name="driverClassName" 
	value="com.mysql.jdbc.Driver" />
	<property name="url" 
	value="jdbc:mysql://localhost:3306/userdb" />
	<property name="username" value="userdb" />
	<property name="password" value="1234" />
	</bean>
	<!-- configuration of the dao bean-->
	<bean id="dao" class="dao.AccountDao"
	autowire="byType" />
	<!-- configuration of the service bean-->
	<bean id="ts" class="service.TransferServiceImpl"
	autowire="byName" />
	
	
</beans>