<beans xmlns="http://www.springframework.org/schema/beans"
	xmlns:xsi="http://www.w3.org/2001/XMLSchema-instance"
	xsi:schemaLocation="http://www.springframework.org/schema/beans 
	http://www.springframework.org/schema/beans/spring-beans-3.0.xsd">

<!-- configuration of the beans -->
  <bean id="a1" class="mypack.AB"> 
  <constructor-arg value="It is AB bean."/> 
  </bean> 
 <bean id="a2" class="mypack.AB">
  <constructor-arg value="5" type="int"/>
 </bean>
 <bean id="a3" class="mypack.AB">
 <constructor-arg value="It is AB bean."/>
  <constructor-arg value="5"/>
 </bean>
</beans>