<beans xmlns="http://www.springframework.org/schema/beans"
	xmlns:xsi="http://www.w3.org/2001/XMLSchema-instance"
	xsi:schemaLocation="http://www.springframework.org/schema/beans 
	http://www.springframework.org/schema/beans/spring-beans-3.0.xsd">

<!-- configuration of the MessageSource Bean -->
 <bean id="messageSource" class="org.springframework.context.support.ResourceBundleMessageSource" >
 <property name="basename" value="Adder"/>
 </bean> 
 <!-- configuration of the locale Bean -->
 <bean id="locale" class="java.util.Locale">
 <constructor-arg value="hi"/>
 </bean>
 <!-- configuration of the Number Bean -->
 <bean id="num1" class="mypack.Rational">
 <constructor-arg value="2"/>
 <constructor-arg value="3"/>
 </bean>
 <bean id="num2" class="mypack.Rational">
 <constructor-arg value="4"/>
 <constructor-arg value="5"/>
 </bean>
</beans>









