<beans xmlns="http://www.springframework.org/schema/beans"
	xmlns:xsi="http://www.w3.org/2001/XMLSchema-instance"
	xsi:schemaLocation="http://www.springframework.org/schema/beans 
	http://www.springframework.org/schema/beans/spring-beans-3.0.xsd">

<!-- configuration of the Trainer bean -->
 <bean id="tr" class="mypack.Trainer">
 <constructor-arg value="Amit Kumar"/>
 <constructor-arg>
 <set>
 <value>9:00 to 11:30, W/E, Advance Java</value>
 <value>2:00 to 5:00, W/E, Core Java</value>
 <value>2:00 to 4:00, W/D, Angular JS</value>
 </set>
 </constructor-arg>
 </bean>
 <!-- configuration of the Topic beans.
 They will be used as elements of the course list.
  -->
  <bean id="t1" class="mypack.Topic">
  <constructor-arg value="IOC"/>
  <constructor-arg value="25"/>
  </bean>
  <bean id="t2" class="mypack.Topic">
  <constructor-arg value="AOP"/>
  <constructor-arg value="20"/>
  </bean>
  <bean id="t3" class="mypack.Topic">
  <constructor-arg value="Web MVC"/>
  <constructor-arg value="50"/>
  </bean>
  <bean id="t4" class="mypack.Topic">
  <constructor-arg value="Transaction"/>
  <constructor-arg value="5"/>
  </bean>
  
  <!-- configuration of the Course bean. -->
  <bean id="course" class="mypack.Course">
  <property name="name" value="Spring Framework"/>
  <property name="fee" value="4000"/>
  <property name="topics">
  <list>
  <ref bean="t1" />
  <ref bean="t2" />
  <ref bean="t3" />
  <ref bean="t4" />
  </list>
  </property>
  </bean>
  
  <!-- configuration of the Test bean. -->
  <bean id="test" class="mypack.Test">
  <constructor-arg value="1001"/>
  <constructor-arg value="60"/>
  <constructor-arg>
  <map>
  <entry key-ref="t1" value="5"/>
  <entry key-ref="t2" value="7"/>
  <entry key-ref="t3" value="10"/>
  <entry key-ref="t4" value="2"/>
  </map>
  </constructor-arg>
  </bean>
</beans>












